Zip,LessThan10K,MoreThan10K,MoreThan25K,MoreThan50K 
90001,0.2,0.5,0.26,0.05
90002,0.22,0.48,0.25,0.05
90003,0.23,0.48,0.24,0.04
90004,0.2,0.4,0.25,0.16
90005,0.22,0.45,0.23,0.1
90006,0.24,0.51,0.21,0.04
90007,0.28,0.45,0.21,0.06
90008,0.17,0.3,0.3,0.23
90009,0.1,0.23,0.37,0.31
90010,0.16,0.21,0.21,0.41
90011,0.23,0.52,0.22,0.03
90012,0.26,0.38,0.2,0.16
90013,0.3,0.37,0.17,0.15
90014,0.26,0.43,0.19,0.12
90015,0.24,0.49,0.21,0.07
90016,0.18,0.37,0.31,0.14
90017,0.26,0.47,0.16,0.11
90018,0.21,0.42,0.28,0.1
90019,0.18,0.36,0.29,0.17
90020-0001,0.21,0.41,0.27,0.11
90021,0.26,0.41,0.18,0.15
90022,0.19,0.43,0.3,0.08
90023,0.2,0.47,0.28,0.06
90024,0.16,0.15,0.2,0.48
90025,0.11,0.19,0.29,0.41
90026,0.2,0.39,0.27,0.15
90027,0.18,0.29,0.28,0.24
90028,0.22,0.4,0.28,0.1
90029,0.23,0.44,0.25,0.08
90030,0.12,0.38,0.38,0.12
90031,0.23,0.41,0.26,0.09
90032,0.19,0.36,0.31,0.14
90033,0.23,0.47,0.24,0.05
90034,0.15,0.28,0.32,0.25
90035,0.13,0.19,0.28,0.4
90036,0.12,0.19,0.3,0.39
90037,0.24,0.48,0.23,0.04
90038,0.21,0.43,0.26,0.09
90039,0.13,0.28,0.3,0.29
90040,0.17,0.37,0.32,0.14
90041,0.15,0.25,0.29,0.31
90042,0.17,0.34,0.3,0.18
90043,0.17,0.3,0.31,0.22
90044,0.23,0.45,0.25,0.07
90045,0.12,0.18,0.26,0.44
90046,0.14,0.24,0.31,0.31
90047,0.17,0.33,0.33,0.17
90048,0.12,0.19,0.29,0.41
90049,0.11,0.12,0.2,0.57
90050,0.17,0.38,0.28,0.17
90051,0.15,0.32,0.39,0.15
90053,0.05,0.08,0.36,0.51
90054,0.1,0.36,0.38,0.17
90055,0.26,0.41,0.25,0.08
90056,0.11,0.16,0.26,0.47
90057,0.24,0.48,0.22,0.05
90058,0.24,0.43,0.21,0.12
90059,0.23,0.44,0.26,0.07
90060,0.16,0.37,0.34,0.13
90061,0.19,0.45,0.28,0.08
90062,0.21,0.41,0.29,0.09
90063,0.2,0.45,0.28,0.07
90064,0.13,0.16,0.23,0.48
90065,0.17,0.32,0.28,0.23
90066,0.12,0.24,0.29,0.35
90067,0.1,0.07,0.12,0.71
90068,0.13,0.19,0.25,0.44
90069,0.1,0.16,0.28,0.45
90070,0.22,0.33,0.32,0.14
90071,0.06,0.08,0.2,0.66
90073,0.18,0.17,0.4,0.25
90075,0.11,0.4,0.36,0.13
90076,0.16,0.37,0.36,0.11
90077,0.12,0.11,0.12,0.65
90078,0.24,0.3,0.29,0.17
90081,0.19,0.34,0.28,0.19
90083,0.15,0.2,0.35,0.3
90086,0.14,0.32,0.31,0.24
90089,0.3,0.34,0.19,0.16
90093,0.24,0.28,0.32,0.17
90201,0.18,0.46,0.29,0.07
90202,0.15,0.38,0.39,0.08
90209,0.15,0.22,0.27,0.36
90210,0.15,0.12,0.15,0.59
90211,0.16,0.15,0.23,0.46
90212,0.14,0.13,0.18,0.54
90213,0.17,0.23,0.26,0.34
90220,0.19,0.38,0.31,0.13
90221,0.2,0.44,0.28,0.09
90222,0.2,0.43,0.29,0.08
90223,0.18,0.48,0.25,0.08
90224,0.16,0.35,0.32,0.16
90230,0.13,0.19,0.27,0.4
90231,0.1,0.2,0.37,0.33
90232,0.14,0.22,0.29,0.35
90239,0.13,0.24,0.39,0.24
90240,0.15,0.25,0.28,0.33
90241,0.15,0.28,0.31,0.27
90242,0.14,0.29,0.32,0.25
90245,0.09,0.14,0.28,0.49
90247,0.15,0.34,0.32,0.19
90248,0.14,0.27,0.29,0.29
90249,0.15,0.29,0.3,0.27
90250,0.15,0.35,0.32,0.18
90251,0.1,0.31,0.38,0.21
90254,0.07,0.11,0.25,0.57
90255,0.19,0.46,0.27,0.07
90260,0.15,0.33,0.32,0.2
90262,0.17,0.43,0.3,0.1
90263,0.63,0.17,0.11,0.09
90264,0.11,0.24,0.3,0.35
90265,0.15,0.13,0.17,0.55
90266,0.1,0.09,0.16,0.65
90267,0.08,0.12,0.27,0.52
90270,0.18,0.45,0.3,0.07
90272,0.13,0.09,0.12,0.66
90274,0.14,0.09,0.11,0.66
90275,0.13,0.1,0.13,0.63
90277,0.09,0.13,0.24,0.53
90278,0.1,0.15,0.24,0.51
90280,0.17,0.4,0.31,0.12
90290,0.14,0.14,0.17,0.55
90291,0.14,0.24,0.28,0.34
90292,0.08,0.12,0.21,0.58
90293,0.08,0.12,0.27,0.53
90294,0.17,0.26,0.33,0.23
90295,0.13,0.21,0.29,0.37
90301,0.16,0.4,0.33,0.11
90302,0.16,0.33,0.35,0.16
90303,0.17,0.4,0.3,0.14
90304,0.18,0.48,0.28,0.07
90305,0.12,0.23,0.31,0.33
90306,0.12,0.32,0.39,0.17
90307,0.16,0.25,0.43,0.15
90308,0.15,0.34,0.35,0.16
90309,0.14,0.25,0.35,0.27
90310,0.28,0.31,0.3,0.11
90401,0.13,0.2,0.27,0.4
90402,0.13,0.1,0.14,0.63
90403,0.1,0.14,0.25,0.52
90404,0.14,0.24,0.31,0.31
90405,0.11,0.17,0.26,0.46
90406,0.17,0.2,0.3,0.33
90408,0.24,0.18,0.29,0.3
90409,0.12,0.24,0.29,0.35
90501,0.15,0.26,0.29,0.3
90502,0.13,0.24,0.29,0.33
90503,0.12,0.15,0.24,0.48
90504,0.14,0.19,0.26,0.4
90505,0.13,0.14,0.22,0.5
90508,0.13,0.25,0.34,0.28
90510,0.12,0.23,0.3,0.35
90601,0.13,0.23,0.3,0.34
90602,0.16,0.33,0.29,0.23
90603,0.15,0.16,0.23,0.46
90604,0.14,0.24,0.29,0.33
90605,0.16,0.29,0.28,0.27
90606,0.15,0.3,0.32,0.23
90607,0.15,0.25,0.37,0.23
90608,0.15,0.27,0.35,0.24
90609,0.17,0.25,0.34,0.24
90620,0.15,0.23,0.27,0.35
90621,0.16,0.3,0.31,0.23
90622,0.15,0.31,0.33,0.22
90623,0.15,0.17,0.23,0.45
90630,0.15,0.18,0.24,0.44
90631,0.14,0.26,0.28,0.33
90632,0.12,0.23,0.4,0.25
90633,0.17,0.3,0.32,0.21
90637,0.11,0.19,0.34,0.36
90638,0.14,0.2,0.25,0.42
90640,0.16,0.31,0.31,0.21
90650,0.16,0.3,0.32,0.22
90651,0.13,0.31,0.37,0.2
90652,0.12,0.25,0.45,0.18
90660,0.16,0.32,0.32,0.2
90661,0.11,0.41,0.36,0.12
90670,0.14,0.28,0.32,0.26
90680,0.16,0.32,0.32,0.21
90701,0.15,0.27,0.3,0.28
90702,0.12,0.28,0.35,0.25
90703,0.16,0.17,0.23,0.44
90704,0.2,0.34,0.27,0.18
90706,0.15,0.3,0.32,0.22
90707,0.13,0.28,0.36,0.22
90710,0.15,0.28,0.27,0.3
90711,0.11,0.23,0.4,0.26
90712,0.12,0.18,0.25,0.44
90713,0.13,0.15,0.23,0.49
90714,0.1,0.2,0.31,0.39
90715,0.16,0.26,0.29,0.29
90716,0.18,0.42,0.31,0.09
90717,0.13,0.22,0.31,0.34
90720,0.16,0.15,0.21,0.48
90723,0.17,0.38,0.32,0.13
90731,0.16,0.28,0.29,0.27
90732,0.11,0.14,0.22,0.52
90733,0.12,0.25,0.34,0.3
90740,0.12,0.15,0.23,0.51
90742,0.09,0.16,0.32,0.43
90743,0.13,0.12,0.21,0.55
90744,0.18,0.4,0.28,0.14
90745,0.15,0.29,0.3,0.26
90746,0.13,0.22,0.3,0.34
90748,0.15,0.4,0.28,0.17
90749,0.13,0.21,0.37,0.29
90755,0.1,0.17,0.23,0.5
90801,0.14,0.37,0.35,0.14
90802,0.16,0.34,0.32,0.18
90803,0.09,0.14,0.28,0.49
90804,0.19,0.34,0.31,0.16
90805,0.18,0.35,0.31,0.16
90806,0.19,0.34,0.28,0.19
90807,0.12,0.2,0.3,0.38
90808,0.12,0.14,0.21,0.53
90809,0.1,0.19,0.4,0.32
90810,0.17,0.34,0.3,0.19
90813,0.25,0.47,0.23,0.05
90814,0.12,0.22,0.32,0.35
90815,0.13,0.15,0.24,0.49
90832,0.14,0.1,0.38,0.39
90853,0.12,0.17,0.28,0.43
91001,0.14,0.2,0.24,0.42
91003,0.12,0.25,0.39,0.24
91006,0.16,0.18,0.22,0.44
91007,0.16,0.19,0.24,0.41
91009,0.08,0.26,0.4,0.26
91010,0.15,0.27,0.29,0.29
91011,0.16,0.09,0.11,0.64
91012,0.09,0.1,0.21,0.6
91016,0.14,0.24,0.29,0.33
91017,0.14,0.27,0.35,0.25
91020,0.13,0.21,0.32,0.34
91021,0.13,0.18,0.27,0.42
91024,0.11,0.14,0.21,0.55
91025,0.12,0.21,0.32,0.35
91030,0.13,0.15,0.25,0.46
91031,0.1,0.17,0.36,0.37
91040,0.13,0.19,0.27,0.41
91041,0.09,0.22,0.39,0.3
91042,0.15,0.24,0.29,0.32
91043,0.12,0.31,0.3,0.27
91046,0.18,0.18,0.32,0.31
91066,0.11,0.23,0.34,0.31
91077,0.18,0.25,0.35,0.22
91101,0.12,0.24,0.29,0.35
91102,0.15,0.23,0.32,0.3
91103,0.19,0.35,0.23,0.23
91104,0.16,0.27,0.25,0.32
91105,0.11,0.11,0.16,0.62
91106,0.12,0.24,0.27,0.37
91107,0.13,0.19,0.25,0.43
91108,0.16,0.12,0.13,0.59
91109,0.13,0.26,0.35,0.25
91114,0.22,0.31,0.31,0.16
91115,0.07,0.22,0.29,0.42
91116,0.13,0.24,0.4,0.24
91117,0.1,0.23,0.35,0.32
91118,0.14,0.13,0.28,0.45
91125,0.24,0.5,0.15,0.11
91201,0.2,0.27,0.27,0.26
91202,0.17,0.2,0.26,0.37
91203,0.2,0.29,0.3,0.21
91204,0.2,0.36,0.3,0.14
91205,0.24,0.33,0.28,0.16
91206,0.17,0.22,0.28,0.34
91207,0.14,0.17,0.21,0.48
91208,0.13,0.14,0.2,0.53
91209,0.13,0.27,0.37,0.23
91214,0.15,0.14,0.21,0.5
91221,0.13,0.19,0.35,0.33
91224,0.11,0.19,0.28,0.42
91225,0.15,0.33,0.35,0.16
91226,0.15,0.23,0.33,0.29
91301,0.17,0.12,0.16,0.54
91302,0.16,0.11,0.14,0.58
91303,0.16,0.35,0.32,0.17
91304,0.15,0.26,0.27,0.32
91305,0.24,0.27,0.35,0.14
91306,0.15,0.28,0.28,0.28
91307,0.15,0.15,0.2,0.51
91308,0.18,0.16,0.28,0.38
91309,0.14,0.28,0.3,0.28
91310,0.12,0.28,0.15,0.45
91311,0.14,0.17,0.25,0.44
91313,0.11,0.21,0.33,0.35
91316,0.13,0.19,0.28,0.4
91319,0.08,0.24,0.33,0.35
91320,0.14,0.15,0.18,0.53
91321,0.16,0.24,0.24,0.36
91322,0.12,0.25,0.31,0.32
91324,0.16,0.25,0.25,0.33
91325,0.17,0.25,0.25,0.33
91326,0.15,0.13,0.17,0.54
91327,0.11,0.19,0.25,0.44
91328,0.08,0.21,0.42,0.29
91330,0.45,0.23,0.23,0.09
91331,0.17,0.42,0.29,0.12
91333,0.14,0.5,0.28,0.08
91334,0.1,0.31,0.37,0.22
91335,0.16,0.31,0.31,0.22
91337,0.17,0.33,0.3,0.2
91340,0.17,0.39,0.31,0.13
91341,0.13,0.43,0.33,0.11
91342,0.15,0.3,0.3,0.25
91343,0.16,0.31,0.26,0.27
91344,0.15,0.19,0.25,0.42
91345,0.14,0.28,0.3,0.27
91346,0.13,0.26,0.35,0.27
91350,0.14,0.14,0.17,0.55
91351,0.14,0.18,0.24,0.43
91352,0.17,0.37,0.29,0.18
91353,0.14,0.38,0.35,0.12
91354,0.13,0.09,0.14,0.65
91355,0.14,0.12,0.18,0.56
91356,0.15,0.2,0.24,0.4
91357,0.16,0.24,0.25,0.35
91358,0.13,0.31,0.32,0.24
91359,0.1,0.16,0.33,0.41
91360,0.15,0.17,0.2,0.48
91361,0.14,0.12,0.16,0.58
91362,0.14,0.13,0.17,0.56
91364,0.12,0.14,0.19,0.55
91365,0.14,0.13,0.27,0.45
91367,0.13,0.15,0.23,0.49
91372,0.17,0.17,0.25,0.41
91376,0.1,0.19,0.27,0.45
91377,0.16,0.08,0.14,0.61
91380,0.11,0.17,0.28,0.44
91381,0.09,0.09,0.14,0.68
91384,0.13,0.15,0.19,0.53
91385,0.13,0.15,0.22,0.49
91386,0.16,0.21,0.28,0.34
91387,0.15,0.19,0.25,0.42
91390,0.15,0.13,0.15,0.56
91392,0.11,0.35,0.39,0.16
91393,0.2,0.4,0.25,0.16
91394,0.11,0.29,0.31,0.29
91395,0.1,0.29,0.34,0.27
91396,0.17,0.3,0.3,0.22
91401,0.18,0.32,0.27,0.23
91402,0.18,0.41,0.29,0.13
91403,0.12,0.17,0.25,0.46
91404,0.16,0.37,0.35,0.13
91405,0.18,0.39,0.28,0.14
91406,0.16,0.32,0.29,0.23
91408,0.14,0.33,0.32,0.2
91409,0.15,0.21,0.38,0.26
91411,0.15,0.35,0.3,0.2
91412,0.14,0.41,0.36,0.09
91413,0.13,0.24,0.32,0.31
91416,0.17,0.2,0.31,0.32
91423,0.12,0.18,0.28,0.42
91426,0.17,0.23,0.24,0.36
91436,0.13,0.11,0.13,0.64
91501,0.14,0.22,0.29,0.34
91502,0.18,0.32,0.33,0.18
91503,0.13,0.24,0.34,0.28
91504,0.14,0.23,0.26,0.37
91505,0.12,0.2,0.29,0.4
91506,0.12,0.21,0.28,0.39
91507,0.16,0.19,0.38,0.26
91508,0.15,0.31,0.3,0.25
91510,0.13,0.26,0.33,0.28
91601,0.17,0.35,0.31,0.17
91602,0.12,0.2,0.32,0.35
91603,0.21,0.25,0.31,0.23
91604,0.12,0.16,0.24,0.47
91605,0.19,0.4,0.27,0.14
91606,0.18,0.38,0.29,0.15
91607,0.14,0.25,0.31,0.31
91609,0.15,0.39,0.35,0.1
91610,0.19,0.16,0.25,0.39
91614,0.17,0.16,0.29,0.38
91615,0.18,0.33,0.33,0.15
91617,0.15,0.31,0.3,0.24
91618,0.09,0.3,0.27,0.34
91700,0.17,0.26,0.26,0.31
91701,0.17,0.17,0.19,0.47
91702,0.17,0.33,0.3,0.2
91706,0.17,0.36,0.32,0.15
91708,0.13,0.25,0.34,0.28
91709,0.13,0.14,0.19,0.53
91710,0.16,0.25,0.26,0.33
91711,0.17,0.16,0.19,0.49
91715,0.11,0.23,0.41,0.25
91719,0.07,0.17,0.23,0.53
91720,0.08,0.16,0.23,0.53
91722,0.15,0.25,0.3,0.3
91723,0.15,0.26,0.32,0.27
91724,0.15,0.2,0.24,0.41
91729,0.1,0.23,0.37,0.3
91730,0.14,0.23,0.3,0.33
91731,0.19,0.41,0.28,0.11
91732,0.2,0.39,0.29,0.12
91733,0.21,0.42,0.27,0.1
91734,0.19,0.32,0.32,0.16
91737,0.16,0.16,0.18,0.5
91739,0.14,0.15,0.2,0.51
91740,0.14,0.21,0.26,0.39
91741,0.17,0.15,0.2,0.49
91743,0.13,0.26,0.43,0.18
91744,0.17,0.35,0.31,0.16
91745,0.16,0.22,0.27,0.35
91746,0.17,0.35,0.31,0.17
91747,0.19,0.36,0.31,0.14
91748,0.18,0.25,0.26,0.3
91750,0.16,0.18,0.22,0.45
91752,0.17,0.29,0.29,0.25
91754,0.18,0.27,0.28,0.27
91755,0.21,0.29,0.27,0.23
91759,0.13,0.18,0.24,0.46
91761,0.16,0.28,0.28,0.28
91762,0.17,0.33,0.31,0.2
91763,0.18,0.33,0.3,0.19
91764,0.17,0.35,0.31,0.17
91765,0.16,0.16,0.22,0.46
91766,0.18,0.35,0.27,0.2
91767,0.18,0.33,0.31,0.19
91768,0.18,0.36,0.3,0.16
91769,0.17,0.37,0.31,0.16
91770,0.22,0.34,0.28,0.16
91773,0.15,0.18,0.22,0.45
91775,0.15,0.19,0.24,0.41
91776,0.21,0.32,0.29,0.18
91778,0.17,0.29,0.33,0.21
91780,0.16,0.22,0.29,0.33
91784,0.17,0.13,0.15,0.55
91785,0.23,0.2,0.27,0.3
91786,0.17,0.27,0.29,0.27
91788,0.13,0.19,0.32,0.36
91789,0.17,0.17,0.21,0.45
91790,0.15,0.26,0.28,0.31
91791,0.15,0.22,0.25,0.38
91792,0.15,0.25,0.3,0.3
91793,0.13,0.27,0.35,0.25
91801,0.18,0.28,0.31,0.23
91802,0.17,0.28,0.34,0.22
91803,0.19,0.29,0.29,0.23
91901,0.14,0.18,0.2,0.48
91902,0.16,0.18,0.2,0.47
91903,0.11,0.2,0.25,0.45
91905,0.17,0.26,0.31,0.26
91906,0.17,0.27,0.25,0.32
91908,0.12,0.2,0.29,0.39
91909,0.15,0.31,0.36,0.18
91910,0.15,0.28,0.28,0.3
91911,0.17,0.33,0.29,0.21
91912,0.14,0.31,0.36,0.19
91913,0.12,0.16,0.21,0.51
91914,0.1,0.11,0.15,0.63
91915,0.11,0.11,0.18,0.61
91916,0.12,0.19,0.26,0.43
91917,0.17,0.38,0.25,0.2
91921,0.14,0.1,0.31,0.45
91931,0.16,0.34,0.24,0.26
91932,0.16,0.37,0.3,0.17
91933,0.12,0.32,0.35,0.21
91934,0.24,0.3,0.29,0.17
91935,0.16,0.18,0.18,0.48
91941,0.14,0.22,0.28,0.36
91942,0.14,0.24,0.32,0.31
91943,0.14,0.2,0.29,0.38
91944,0.12,0.22,0.36,0.31
91945,0.16,0.27,0.31,0.25
91946,0.16,0.28,0.38,0.18
91950,0.19,0.4,0.3,0.11
91951,0.18,0.36,0.34,0.12
91962,0.14,0.18,0.19,0.48
91963,0.21,0.32,0.27,0.21
91976,0.11,0.24,0.35,0.3
91977,0.16,0.27,0.3,0.28
91978,0.14,0.22,0.29,0.35
91979,0.1,0.23,0.31,0.35
91980,0.21,0.51,0.23,0.05
92003,0.14,0.28,0.26,0.32
92004,0.19,0.36,0.24,0.21
92007,0.13,0.19,0.25,0.43
92008,0.15,0.2,0.24,0.41
92009,0.12,0.12,0.18,0.59
92013,0.11,0.18,0.27,0.44
92014,0.13,0.12,0.16,0.6
92018,0.12,0.26,0.32,0.3
92019,0.16,0.21,0.23,0.41
92020,0.17,0.3,0.28,0.26
92021,0.16,0.28,0.29,0.26
92022,0.16,0.28,0.31,0.26
92023,0.13,0.3,0.31,0.26
92024,0.15,0.18,0.21,0.46
92025,0.16,0.32,0.26,0.25
92026,0.14,0.23,0.27,0.36
92027,0.16,0.28,0.27,0.29
92028,0.16,0.28,0.22,0.34
92029,0.14,0.19,0.21,0.46
92030,0.13,0.31,0.34,0.22
92033,0.16,0.3,0.31,0.23
92036,0.18,0.24,0.24,0.34
92037,0.13,0.16,0.19,0.52
92038,0.17,0.16,0.24,0.43
92039,0.1,0.19,0.36,0.35
92040,0.14,0.23,0.27,0.36
92046,0.11,0.29,0.36,0.24
92049,0.15,0.41,0.25,0.19
92051,0.13,0.46,0.27,0.14
92052,0.1,0.3,0.38,0.23
92054,0.13,0.35,0.31,0.21
92055,0.12,0.84,0.04,0
92056,0.13,0.22,0.26,0.38
92057,0.14,0.25,0.27,0.35
92059,0.11,0.33,0.36,0.2
92060,0.17,0.19,0.27,0.37
92061,0.17,0.37,0.27,0.18
92064,0.17,0.16,0.18,0.49
92065,0.15,0.2,0.21,0.44
92066,0.17,0.24,0.17,0.43
92067,0.16,0.11,0.1,0.63
92068,0.14,0.48,0.23,0.15
92069,0.14,0.26,0.26,0.34
92070,0.18,0.34,0.22,0.26
92071,0.14,0.2,0.28,0.38
92072,0.11,0.19,0.39,0.31
92074,0.09,0.23,0.32,0.36
92075,0.12,0.17,0.22,0.49
92078,0.13,0.18,0.18,0.51
92079,0.14,0.31,0.33,0.23
92082,0.17,0.22,0.2,0.4
92083,0.14,0.28,0.28,0.29
92084,0.16,0.29,0.26,0.28
92085,0.12,0.35,0.34,0.19
92086,0.2,0.34,0.24,0.22
92088,0.15,0.29,0.26,0.29
92091,0.14,0.1,0.07,0.69
92093,0.19,0.19,0.33,0.29
92101,0.17,0.31,0.26,0.25
92102,0.19,0.43,0.28,0.1
92103,0.11,0.22,0.35,0.33
92104,0.15,0.34,0.34,0.18
92105,0.22,0.41,0.27,0.1
92106,0.14,0.2,0.23,0.43
92107,0.14,0.26,0.32,0.28
92108,0.1,0.21,0.38,0.31
92109,0.12,0.25,0.34,0.29
92110,0.13,0.26,0.31,0.3
92111,0.16,0.26,0.3,0.28
92112,0.21,0.37,0.25,0.17
92113,0.22,0.46,0.26,0.06
92114,0.18,0.3,0.29,0.23
92115,0.2,0.31,0.28,0.21
92116,0.13,0.3,0.35,0.22
92117,0.14,0.23,0.3,0.34
92118,0.14,0.16,0.24,0.47
92119,0.14,0.17,0.25,0.43
92120,0.13,0.18,0.25,0.43
92121,0.11,0.13,0.2,0.56
92122,0.14,0.16,0.25,0.45
92123,0.12,0.26,0.3,0.32
92124,0.11,0.17,0.28,0.44
92126,0.13,0.21,0.29,0.37
92127,0.13,0.13,0.2,0.54
92128,0.11,0.11,0.21,0.57
92129,0.16,0.14,0.18,0.52
92130,0.11,0.08,0.15,0.66
92131,0.11,0.08,0.15,0.66
92134,0.09,0.8,0.08,0.04
92135,0.15,0.71,0.09,0.05
92136,0.08,0.73,0.15,0.03
92137,0.12,0.25,0.33,0.29
92138,0.12,0.25,0.36,0.27
92139,0.14,0.28,0.32,0.26
92142,0.06,0.16,0.4,0.38
92143,0.19,0.42,0.3,0.09
92145,0.06,0.87,0.06,0.01
92149,0.11,0.32,0.36,0.2
92150,0.09,0.17,0.32,0.42
92153,0.13,0.37,0.32,0.18
92154,0.17,0.34,0.28,0.21
92155,0.13,0.69,0.16,0.02
92159,0.11,0.19,0.36,0.35
92160,0.12,0.24,0.28,0.35
92162,0.21,0.29,0.36,0.14
92163,0.13,0.25,0.4,0.22
92164,0.12,0.36,0.38,0.14
92165,0.18,0.39,0.37,0.06
92166,0.09,0.26,0.26,0.39
92167,0.16,0.29,0.32,0.23
92168,0.11,0.26,0.38,0.26
92169,0.14,0.28,0.33,0.25
92170,0.15,0.43,0.3,0.12
92171,0.15,0.29,0.39,0.17
92172,0.1,0.16,0.32,0.42
92173,0.22,0.45,0.25,0.08
92174,0.15,0.3,0.42,0.13
92175,0.14,0.36,0.32,0.18
92176,0.12,0.36,0.34,0.18
92177,0.1,0.23,0.4,0.27
92178,0.09,0.29,0.3,0.32
92190,0.13,0.2,0.33,0.34
92192,0.1,0.19,0.3,0.41
92193,0.05,0.26,0.4,0.29
92195,0.15,0.28,0.43,0.14
92196,0.09,0.25,0.33,0.32
92198,0.09,0.15,0.29,0.47
92201,0.18,0.37,0.26,0.19
92202,0.21,0.45,0.26,0.08
92203,0.23,0.39,0.25,0.13
92210,0.13,0.12,0.14,0.6
92211,0.12,0.21,0.24,0.44
92220,0.2,0.33,0.25,0.22
92222,0.16,0.48,0.24,0.12
92223,0.19,0.28,0.27,0.26
92225,0.22,0.29,0.23,0.26
92226,0.18,0.35,0.24,0.23
92227,0.25,0.31,0.23,0.22
92230,0.25,0.4,0.24,0.11
92231,0.35,0.41,0.16,0.08
92232,0.3,0.43,0.19,0.07
92233,0.26,0.28,0.26,0.21
92234,0.16,0.33,0.29,0.22
92235,0.16,0.46,0.27,0.11
92236,0.24,0.48,0.23,0.05
92239,0.18,0.36,0.2,0.27
92240,0.21,0.39,0.27,0.13
92241,0.19,0.36,0.29,0.16
92242,0.21,0.37,0.24,0.17
92243,0.24,0.33,0.22,0.21
92244,0.18,0.31,0.27,0.24
92249,0.27,0.39,0.23,0.11
92250,0.21,0.32,0.25,0.22
92251,0.14,0.22,0.24,0.4
92252,0.22,0.32,0.27,0.19
92253,0.13,0.22,0.24,0.4
92254,0.31,0.53,0.14,0.02
92255,0.12,0.25,0.31,0.32
92256,0.16,0.28,0.31,0.26
92257,0.29,0.35,0.24,0.12
92258,0.27,0.43,0.23,0.07
92259,0.15,0.33,0.25,0.27
92260,0.15,0.27,0.26,0.32
92261,0.12,0.3,0.3,0.28
92262,0.17,0.33,0.28,0.23
92263,0.16,0.35,0.28,0.22
92264,0.16,0.31,0.28,0.25
92266,0.32,0.32,0.22,0.14
92267,0.15,0.27,0.18,0.4
92268,0.2,0.23,0.3,0.27
92270,0.14,0.21,0.21,0.44
92273,0.23,0.35,0.3,0.12
92274,0.26,0.5,0.19,0.05
92275,0.22,0.34,0.28,0.16
92276,0.16,0.34,0.32,0.18
92277,0.14,0.4,0.3,0.15
92278,0.17,0.79,0.04,0
92281,0.24,0.38,0.25,0.12
92282,0.18,0.35,0.33,0.14
92283,0.26,0.47,0.21,0.06
92284,0.21,0.27,0.28,0.24
92285,0.26,0.38,0.26,0.1
92286,0.16,0.27,0.31,0.26
92301,0.19,0.3,0.32,0.2
92305,0.14,0.21,0.22,0.43
92307,0.18,0.23,0.24,0.35
92308,0.19,0.25,0.26,0.29
92309,0.19,0.45,0.26,0.1
92310,0.05,0.5,0.33,0.12
92311,0.21,0.27,0.27,0.26
92312,0.11,0.23,0.35,0.31
92313,0.14,0.2,0.27,0.39
92314,0.22,0.25,0.25,0.27
92315,0.22,0.27,0.24,0.27
92316,0.18,0.32,0.3,0.2
92317,0.18,0.15,0.18,0.49
92318,0.17,0.34,0.26,0.23
92320,0.16,0.23,0.25,0.35
92321,0.25,0.27,0.21,0.27
92322,0.13,0.19,0.33,0.35
92324,0.18,0.32,0.31,0.2
92325,0.16,0.22,0.26,0.37
92326,0.19,0.17,0.27,0.37
92327,0.19,0.33,0.28,0.21
92328,0.15,0.45,0.25,0.15
92329,0.17,0.23,0.28,0.32
92333,0.19,0.27,0.21,0.34
92334,0.14,0.35,0.34,0.17
92335,0.18,0.36,0.31,0.14
92336,0.15,0.23,0.27,0.35
92337,0.14,0.23,0.33,0.31
92339,0.14,0.19,0.25,0.42
92340,0.15,0.21,0.3,0.33
92341,0.23,0.21,0.19,0.37
92342,0.14,0.19,0.24,0.42
92345,0.18,0.25,0.28,0.29
92346,0.17,0.23,0.24,0.36
92347,0.22,0.24,0.31,0.23
92352,0.19,0.17,0.19,0.46
92354,0.17,0.23,0.27,0.33
92356,0.24,0.3,0.28,0.18
92358,0.14,0.22,0.34,0.29
92359,0.17,0.26,0.29,0.28
92363,0.25,0.31,0.21,0.22
92365,0.23,0.25,0.27,0.26
92368,0.22,0.37,0.27,0.14
92369,0.17,0.2,0.38,0.26
92371,0.18,0.24,0.26,0.32
92372,0.16,0.22,0.26,0.36
92373,0.15,0.19,0.25,0.42
92374,0.18,0.24,0.25,0.33
92375,0.11,0.21,0.35,0.34
92376,0.19,0.34,0.3,0.17
92377,0.15,0.22,0.26,0.38
92378,0.17,0.19,0.28,0.36
92382,0.15,0.21,0.25,0.39
92385,0.16,0.22,0.24,0.38
92386,0.24,0.32,0.26,0.18
92391,0.19,0.22,0.24,0.36
92392,0.18,0.24,0.26,0.32
92393,0.16,0.28,0.28,0.28
92394,0.18,0.27,0.29,0.26
92397,0.16,0.15,0.21,0.47
92398,0.2,0.24,0.31,0.25
92399,0.18,0.23,0.25,0.35
92401,0.31,0.44,0.17,0.08
92402,0.15,0.36,0.3,0.19
92404,0.21,0.32,0.27,0.2
92405,0.2,0.33,0.3,0.17
92406,0.17,0.31,0.34,0.18
92407,0.18,0.28,0.28,0.26
92408,0.24,0.37,0.26,0.13
92410,0.26,0.42,0.25,0.07
92411,0.24,0.42,0.27,0.07
92412,0.08,0.2,0.38,0.34
92413,0.16,0.28,0.34,0.22
92423,0.1,0.2,0.45,0.25
92427,0.15,0.24,0.33,0.27
92501,0.17,0.34,0.3,0.19
92502,0.14,0.22,0.31,0.33
92503,0.17,0.27,0.28,0.28
92504,0.17,0.28,0.28,0.26
92505,0.17,0.29,0.3,0.24
92506,0.15,0.18,0.21,0.46
92507,0.2,0.33,0.26,0.21
92508,0.14,0.15,0.19,0.53
92509,0.18,0.29,0.28,0.25
92513,0.12,0.27,0.37,0.24
92514,0.17,0.33,0.27,0.22
92515,0.24,0.29,0.27,0.2
92516,0.12,0.23,0.39,0.27
92517,0.15,0.29,0.33,0.23
92518,0.07,0.19,0.31,0.43
92519,0.2,0.36,0.25,0.19
92530,0.18,0.28,0.28,0.27
92531,0.16,0.28,0.34,0.23
92532,0.15,0.2,0.2,0.45
92536,0.15,0.28,0.31,0.26
92539,0.19,0.3,0.3,0.21
92543,0.22,0.38,0.27,0.13
92544,0.19,0.27,0.25,0.29
92545,0.16,0.27,0.29,0.28
92546,0.16,0.34,0.3,0.2
92548,0.21,0.36,0.29,0.14
92549,0.2,0.24,0.25,0.31
92551,0.17,0.27,0.31,0.25
92552,0.15,0.28,0.36,0.22
92553,0.19,0.32,0.29,0.19
92555,0.16,0.21,0.22,0.42
92556,0.14,0.27,0.33,0.26
92557,0.16,0.23,0.26,0.35
92561,0.16,0.21,0.24,0.39
92562,0.14,0.15,0.19,0.52
92563,0.13,0.17,0.21,0.48
92564,0.17,0.23,0.28,0.32
92567,0.16,0.25,0.27,0.32
92570,0.2,0.36,0.26,0.17
92571,0.17,0.32,0.32,0.2
92572,0.15,0.4,0.29,0.16
92581,0.16,0.27,0.25,0.32
92582,0.17,0.26,0.29,0.28
92583,0.2,0.31,0.27,0.21
92584,0.13,0.17,0.24,0.46
92585,0.16,0.26,0.3,0.28
92586,0.14,0.25,0.31,0.3
92587,0.15,0.18,0.2,0.47
92589,0.14,0.22,0.25,0.39
92590,0.16,0.34,0.22,0.28
92591,0.16,0.19,0.22,0.43
92592,0.13,0.14,0.19,0.54
92593,0.15,0.31,0.26,0.29
92595,0.16,0.21,0.25,0.37
92596,0.13,0.19,0.27,0.41
92602,0.08,0.08,0.17,0.67
92604,0.17,0.15,0.2,0.49
92605,0.11,0.27,0.31,0.31
92606,0.14,0.14,0.21,0.51
92607,0.09,0.15,0.31,0.45
92609,0.13,0.23,0.35,0.29
92610,0.08,0.08,0.17,0.67
92612,0.17,0.16,0.19,0.48
92614,0.16,0.13,0.21,0.5
92615,0.13,0.17,0.3,0.4
92616,0.17,0.21,0.29,0.34
92618,0.1,0.12,0.24,0.54
92619,0.07,0.16,0.32,0.44
92620,0.17,0.12,0.18,0.53
92621,0.04,0.08,0.17,0.71
92623,0.09,0.14,0.31,0.45
92624,0.16,0.19,0.25,0.4
92625,0.1,0.1,0.18,0.62
92626,0.13,0.21,0.28,0.38
92627,0.13,0.27,0.32,0.27
92628,0.1,0.25,0.41,0.24
92629,0.13,0.17,0.22,0.47
92630,0.13,0.17,0.24,0.46
92631,0.05,0.1,0.22,0.63
92632,0.06,0.17,0.3,0.47
92635,0.06,0.08,0.16,0.71
92640,0.05,0.17,0.29,0.49
92641,0.05,0.17,0.26,0.52
92643,0.06,0.19,0.38,0.37
92644,0.08,0.18,0.3,0.44
92646,0.14,0.15,0.23,0.49
92647,0.14,0.21,0.27,0.38
92648,0.12,0.17,0.25,0.46
92649,0.11,0.15,0.24,0.5
92651,0.13,0.13,0.19,0.55
92652,0.15,0.22,0.26,0.37
92653,0.15,0.18,0.22,0.44
92654,0.12,0.23,0.33,0.31
92655,0.2,0.34,0.29,0.17
92656,0.08,0.12,0.23,0.57
92657,0.11,0.06,0.09,0.74
92658,0.1,0.13,0.26,0.51
92659,0.14,0.16,0.28,0.42
92660,0.12,0.1,0.16,0.62
92661,0.11,0.16,0.3,0.43
92662,0.12,0.15,0.24,0.49
92663,0.11,0.16,0.28,0.44
92667,0.09,0.12,0.2,0.59
92669,0.08,0.1,0.2,0.62
92670,0.05,0.11,0.19,0.65
92672,0.13,0.21,0.27,0.39
92673,0.13,0.12,0.13,0.63
92674,0.11,0.24,0.28,0.36
92675,0.15,0.22,0.22,0.41
92676,0.13,0.14,0.19,0.54
92677,0.13,0.13,0.19,0.55
92678,0.13,0.18,0.2,0.49
92679,0.13,0.08,0.1,0.69
92680,0.05,0.13,0.24,0.58
92683,0.18,0.29,0.26,0.27
92684,0.18,0.34,0.33,0.16
92685,0.12,0.28,0.33,0.26
92687,0.06,0.07,0.1,0.77
92688,0.1,0.11,0.21,0.58
92690,0.1,0.23,0.31,0.35
92691,0.14,0.15,0.22,0.49
92692,0.15,0.12,0.15,0.58
92693,0.13,0.23,0.29,0.35
92694,0.06,0.05,0.1,0.79
92700,0.22,0.2,0.33,0.25
92701,0.16,0.46,0.29,0.09
92702,0.16,0.41,0.3,0.13
92703,0.17,0.44,0.3,0.09
92704,0.16,0.37,0.31,0.16
92705,0.15,0.21,0.23,0.42
92706,0.14,0.34,0.28,0.24
92707,0.15,0.38,0.33,0.15
92708,0.15,0.18,0.23,0.44
92711,0.13,0.24,0.39,0.24
92714,0.07,0.07,0.15,0.71
92715,0.04,0.06,0.15,0.74
92720,0.08,0.09,0.15,0.69
92728,0.12,0.22,0.38,0.27
92735,0.1,0.33,0.33,0.24
92780,0.15,0.27,0.32,0.27
92781,0.12,0.23,0.33,0.33
92782,0.09,0.1,0.21,0.61
92799,0.07,0.17,0.44,0.31
92801,0.15,0.34,0.32,0.19
92802,0.16,0.35,0.3,0.2
92803,0.13,0.35,0.35,0.16
92804,0.16,0.31,0.31,0.23
92805,0.15,0.38,0.31,0.16
92806,0.14,0.27,0.31,0.28
92807,0.14,0.15,0.21,0.49
92808,0.11,0.1,0.17,0.62
92812,0.15,0.4,0.29,0.17
92814,0.14,0.33,0.34,0.19
92815,0.11,0.35,0.33,0.21
92816,0.14,0.3,0.35,0.21
92817,0.11,0.17,0.26,0.46
92821,0.16,0.18,0.25,0.41
92822,0.09,0.23,0.39,0.3
92823,0.14,0.16,0.21,0.5
92825,0.11,0.28,0.37,0.24
92831,0.17,0.27,0.29,0.27
92832,0.16,0.33,0.31,0.21
92833,0.15,0.24,0.27,0.34
92834,0.13,0.29,0.34,0.24
92835,0.16,0.16,0.21,0.47
92836,0.18,0.35,0.27,0.19
92837,0.17,0.17,0.36,0.29
92838,0.1,0.17,0.26,0.47
92840,0.17,0.31,0.3,0.21
92841,0.18,0.31,0.28,0.22
92842,0.15,0.33,0.38,0.14
92843,0.2,0.36,0.29,0.14
92844,0.2,0.33,0.3,0.17
92845,0.13,0.15,0.21,0.5
92846,0.14,0.21,0.35,0.3
92856,0.12,0.28,0.36,0.25
92859,0.13,0.32,0.33,0.22
92860,0.15,0.2,0.23,0.43
92861,0.18,0.11,0.11,0.59
92863,0.11,0.27,0.37,0.26
92865,0.13,0.22,0.28,0.38
92866,0.11,0.23,0.33,0.33
92867,0.14,0.21,0.23,0.42
92868,0.13,0.27,0.35,0.25
92869,0.13,0.18,0.22,0.46
92870,0.16,0.22,0.24,0.38
92871,0.13,0.21,0.33,0.33
92877,0.11,0.11,0.27,0.51
92878,0.13,0.26,0.31,0.3
92879,0.15,0.25,0.27,0.33
92880,0.12,0.18,0.24,0.46
92881,0.14,0.15,0.19,0.52
92882,0.15,0.23,0.25,0.37
92883,0.1,0.13,0.2,0.56
92885,0.14,0.13,0.25,0.48
92886,0.15,0.14,0.18,0.54
92887,0.18,0.11,0.13,0.57
93001,0.16,0.26,0.3,0.29
93002,0.15,0.27,0.35,0.23
93003,0.14,0.2,0.27,0.39
93004,0.15,0.18,0.23,0.44
93005,0.13,0.21,0.36,0.3
93006,0.13,0.19,0.32,0.36
93007,0.08,0.24,0.38,0.3
93010,0.15,0.17,0.22,0.46
93011,0.12,0.22,0.31,0.35
93012,0.15,0.13,0.17,0.56
93013,0.15,0.24,0.28,0.33
93014,0.14,0.28,0.33,0.26
93015,0.16,0.3,0.27,0.27
93016,0.22,0.42,0.22,0.14
93020,0.14,0.34,0.32,0.21
93021,0.15,0.17,0.19,0.49
93022,0.16,0.2,0.25,0.39
93023,0.18,0.22,0.23,0.37
93024,0.13,0.28,0.32,0.28
93030,0.17,0.32,0.27,0.24
93031,0.14,0.33,0.35,0.18
93032,0.24,0.46,0.23,0.08
93033,0.18,0.39,0.29,0.14
93034,0.18,0.48,0.26,0.08
93035,0.13,0.21,0.27,0.39
93036,0.16,0.27,0.26,0.31
93040,0.2,0.36,0.28,0.15
93041,0.13,0.29,0.34,0.24
93042,0.12,0.58,0.21,0.1
93044,0.13,0.35,0.29,0.23
93060,0.17,0.33,0.28,0.22
93061,0.15,0.44,0.26,0.14
93062,0.12,0.21,0.34,0.33
93063,0.13,0.17,0.22,0.47
93065,0.14,0.18,0.22,0.47
93066,0.14,0.26,0.23,0.37
93067,0.12,0.24,0.3,0.34
93094,0.12,0.34,0.32,0.22
93101,0.16,0.3,0.33,0.21
93102,0.19,0.23,0.29,0.29
93103,0.15,0.29,0.29,0.26
93105,0.13,0.18,0.24,0.44
93107,0.41,0.28,0.21,0.1
93108,0.17,0.13,0.17,0.53
93109,0.16,0.19,0.24,0.41
93110,0.16,0.17,0.27,0.4
93111,0.16,0.17,0.22,0.45
93116,0.1,0.26,0.36,0.28
93117,0.21,0.24,0.23,0.31
93118,0.12,0.3,0.3,0.29
93120,0.14,0.29,0.35,0.22
93121,0.17,0.31,0.33,0.2
93130,0.13,0.21,0.39,0.27
93140,0.14,0.31,0.36,0.19
93150,0.22,0.14,0.24,0.4
93160,0.1,0.18,0.37,0.35
93190,0.16,0.3,0.31,0.23
93201,0.3,0.41,0.19,0.11
93202,0.21,0.38,0.29,0.12
93203,0.26,0.5,0.19,0.05
93204,0.24,0.47,0.22,0.07
93205,0.24,0.34,0.25,0.17
93206,0.22,0.41,0.26,0.1
93210,0.19,0.3,0.24,0.27
93212,0.22,0.37,0.27,0.14
93215,0.24,0.44,0.22,0.1
93216,0.26,0.52,0.16,0.07
93218,0.53,0.27,0.13,0.07
93219,0.29,0.52,0.16,0.03
93220,0.22,0.41,0.24,0.13
93221,0.21,0.29,0.24,0.26
93222,0.13,0.13,0.26,0.48
93223,0.25,0.46,0.22,0.07
93224,0.13,0.2,0.32,0.35
93225,0.15,0.21,0.27,0.37
93226,0.14,0.16,0.26,0.44
93227,0.25,0.46,0.24,0.05
93230,0.19,0.29,0.26,0.27
93232,0.15,0.34,0.27,0.24
93234,0.29,0.51,0.17,0.03
93235,0.24,0.44,0.24,0.07
93238,0.19,0.28,0.25,0.28
93239,0.22,0.55,0.19,0.04
93240,0.24,0.29,0.24,0.23
93241,0.27,0.51,0.19,0.04
93242,0.2,0.4,0.27,0.13
93243,0.2,0.26,0.26,0.28
93244,0.21,0.26,0.28,0.26
93245,0.17,0.34,0.26,0.24
93247,0.26,0.42,0.21,0.11
93249,0.2,0.57,0.21,0.03
93250,0.26,0.46,0.21,0.07
93251,0.24,0.14,0.4,0.21
93252,0.2,0.29,0.31,0.2
93254,0.18,0.36,0.31,0.16
93255,0.19,0.33,0.31,0.17
93256,0.22,0.42,0.28,0.07
93257,0.23,0.35,0.23,0.18
93258,0.33,0.44,0.16,0.06
93261,0.38,0.49,0.12,0.02
93263,0.24,0.37,0.25,0.14
93265,0.14,0.2,0.24,0.42
93266,0.22,0.42,0.25,0.1
93267,0.36,0.38,0.17,0.09
93268,0.18,0.26,0.27,0.28
93270,0.41,0.38,0.13,0.08
93271,0.19,0.2,0.24,0.38
93272,0.2,0.36,0.36,0.07
93274,0.21,0.32,0.27,0.2
93275,0.19,0.37,0.26,0.18
93277,0.18,0.24,0.25,0.33
93278,0.15,0.22,0.37,0.26
93279,0.17,0.37,0.27,0.19
93280,0.24,0.4,0.24,0.12
93283,0.26,0.32,0.25,0.18
93285,0.22,0.3,0.24,0.24
93286,0.22,0.41,0.24,0.12
93290,0.18,0.3,0.23,0.3
93291,0.23,0.33,0.23,0.21
93292,0.2,0.25,0.25,0.3
93301,0.24,0.35,0.22,0.18
93302,0.16,0.31,0.27,0.25
93303,0.12,0.19,0.29,0.4
93304,0.22,0.36,0.27,0.15
93305,0.26,0.39,0.22,0.13
93306,0.19,0.28,0.25,0.27
93307,0.24,0.41,0.24,0.11
93308,0.19,0.27,0.25,0.29
93309,0.18,0.27,0.27,0.29
93311,0.14,0.13,0.21,0.52
93312,0.14,0.14,0.19,0.53
93313,0.14,0.21,0.28,0.38
93380,0.1,0.25,0.35,0.3
93383,0.21,0.42,0.27,0.1
93384,0.15,0.34,0.29,0.22
93385,0.25,0.5,0.16,0.09
93386,0.15,0.3,0.32,0.23
93387,0.24,0.53,0.17,0.06
93388,0.15,0.42,0.23,0.2
93389,0.12,0.18,0.32,0.39
93390,0.11,0.2,0.24,0.44
93401,0.23,0.24,0.22,0.32
93402,0.19,0.22,0.25,0.34
93403,0.19,0.26,0.28,0.27
93405,0.32,0.22,0.18,0.28
93406,0.16,0.27,0.27,0.29
93412,0.17,0.27,0.29,0.27
93420,0.17,0.2,0.23,0.4
93421,0.15,0.21,0.3,0.33
93422,0.17,0.21,0.24,0.37
93423,0.12,0.2,0.31,0.37
93424,0.13,0.19,0.2,0.49
93426,0.21,0.22,0.31,0.26
93427,0.16,0.24,0.26,0.35
93428,0.17,0.25,0.23,0.35
93430,0.19,0.25,0.25,0.31
93432,0.17,0.22,0.28,0.33
93433,0.18,0.29,0.28,0.25
93434,0.22,0.42,0.25,0.11
93436,0.16,0.26,0.27,0.31
93437,0.11,0.34,0.37,0.18
93438,0.13,0.34,0.31,0.21
93440,0.14,0.25,0.27,0.34
93441,0.19,0.16,0.23,0.43
93442,0.18,0.28,0.27,0.28
93443,0.18,0.31,0.28,0.22
93444,0.18,0.23,0.25,0.34
93445,0.19,0.36,0.29,0.16
93446,0.17,0.24,0.25,0.34
93447,0.15,0.26,0.29,0.3
93448,0.13,0.26,0.31,0.3
93449,0.16,0.2,0.23,0.41
93450,0.19,0.36,0.28,0.18
93451,0.19,0.29,0.28,0.25
93452,0.2,0.37,0.29,0.14
93453,0.16,0.24,0.29,0.3
93454,0.18,0.29,0.28,0.25
93455,0.17,0.19,0.22,0.42
93456,0.16,0.41,0.27,0.17
93457,0.12,0.18,0.3,0.4
93458,0.23,0.42,0.24,0.1
93460,0.17,0.2,0.21,0.42
93461,0.15,0.32,0.34,0.19
93463,0.17,0.18,0.2,0.45
93464,0.13,0.32,0.3,0.25
93465,0.17,0.18,0.22,0.42
93483,0.17,0.36,0.27,0.19
93501,0.24,0.28,0.26,0.22
93502,0.18,0.2,0.3,0.32
93504,0.16,0.19,0.28,0.38
93505,0.16,0.2,0.28,0.36
93510,0.14,0.14,0.18,0.54
93512,0.18,0.34,0.29,0.19
93513,0.16,0.27,0.28,0.29
93514,0.2,0.24,0.25,0.32
93515,0.19,0.29,0.23,0.29
93516,0.21,0.23,0.2,0.36
93517,0.13,0.41,0.25,0.21
93518,0.17,0.23,0.27,0.33
93523,0.07,0.24,0.39,0.29
93526,0.2,0.19,0.29,0.33
93527,0.17,0.22,0.22,0.4
93529,0.17,0.36,0.23,0.24
93531,0.13,0.12,0.2,0.55
93532,0.13,0.18,0.24,0.44
93534,0.19,0.3,0.28,0.23
93535,0.19,0.28,0.28,0.26
93536,0.17,0.18,0.21,0.44
93539,0.13,0.27,0.28,0.32
93541,0.22,0.29,0.25,0.25
93543,0.18,0.25,0.29,0.28
93544,0.13,0.19,0.24,0.44
93545,0.23,0.27,0.25,0.26
93546,0.16,0.32,0.27,0.25
93549,0.14,0.27,0.32,0.27
93550,0.19,0.3,0.28,0.23
93551,0.15,0.15,0.19,0.51
93552,0.15,0.23,0.3,0.33
93553,0.16,0.21,0.24,0.39
93555,0.17,0.22,0.22,0.39
93556,0.12,0.2,0.27,0.41
93560,0.15,0.22,0.28,0.35
93561,0.16,0.18,0.21,0.45
93562,0.23,0.19,0.24,0.34
93581,0.14,0.21,0.23,0.42
93584,0.21,0.31,0.26,0.22
93586,0.15,0.2,0.14,0.51
93590,0.15,0.25,0.32,0.28
93591,0.21,0.27,0.3,0.23
93592,0.17,0.16,0.35,0.32
93601,0.21,0.26,0.26,0.27
93602,0.19,0.22,0.25,0.34
93604,0.22,0.22,0.26,0.3
93605,0.14,0.12,0.14,0.6
93606,0.31,0.49,0.15,0.05
93608,0.22,0.54,0.21,0.03
93609,0.24,0.38,0.24,0.14
93610,0.22,0.34,0.27,0.17
93611,0.17,0.15,0.19,0.49
93612,0.19,0.32,0.3,0.2
93613,0.16,0.28,0.28,0.28
93614,0.18,0.19,0.22,0.41
93615,0.33,0.47,0.17,0.04
93616,0.31,0.44,0.18,0.08
93618,0.28,0.39,0.21,0.13
93620,0.22,0.37,0.26,0.15
93621,0.21,0.27,0.27,0.25
93622,0.24,0.45,0.23,0.08
93624,0.16,0.54,0.25,0.04
93625,0.23,0.34,0.24,0.2
93626,0.17,0.17,0.22,0.44
93628,0.25,0.38,0.27,0.1
93630,0.23,0.38,0.24,0.15
93631,0.2,0.26,0.26,0.28
93635,0.17,0.26,0.27,0.3
93637,0.21,0.31,0.26,0.23
93638,0.23,0.33,0.22,0.21
93639,0.26,0.43,0.18,0.14
93640,0.3,0.54,0.13,0.03
93641,0.21,0.28,0.28,0.23
93643,0.2,0.25,0.25,0.3
93644,0.2,0.28,0.25,0.27
93645,0.19,0.2,0.23,0.38
93646,0.32,0.48,0.16,0.04
93647,0.28,0.46,0.2,0.06
93648,0.3,0.47,0.19,0.04
93650,0.26,0.4,0.25,0.09
93651,0.18,0.17,0.22,0.43
93652,0.28,0.52,0.16,0.04
93653,0.19,0.25,0.3,0.26
93654,0.25,0.37,0.21,0.18
93656,0.22,0.36,0.29,0.14
93657,0.23,0.35,0.22,0.2
93660,0.23,0.53,0.2,0.04
93662,0.24,0.37,0.23,0.16
93664,0.15,0.16,0.19,0.51
93666,0.37,0.48,0.11,0.03
93667,0.17,0.2,0.26,0.37
93668,0.18,0.36,0.3,0.17
93669,0.17,0.24,0.24,0.35
93675,0.18,0.22,0.3,0.3
93701,0.36,0.49,0.13,0.02
93702,0.29,0.46,0.2,0.05
93703,0.25,0.4,0.26,0.09
93704,0.18,0.27,0.27,0.28
93705,0.22,0.36,0.28,0.14
93706,0.3,0.41,0.21,0.09
93710,0.21,0.27,0.25,0.27
93711,0.16,0.17,0.21,0.45
93720,0.15,0.14,0.2,0.52
93721,0.29,0.4,0.2,0.1
93722,0.17,0.26,0.28,0.29
93725,0.25,0.39,0.24,0.12
93726,0.23,0.35,0.28,0.14
93727,0.22,0.31,0.27,0.2
93728,0.24,0.37,0.28,0.11
93729,0.12,0.2,0.31,0.38
93744,0.15,0.34,0.36,0.16
93745,0.27,0.51,0.17,0.05
93747,0.16,0.38,0.29,0.17
93755,0.21,0.28,0.32,0.2
93790,0.22,0.25,0.31,0.22
93794,0.21,0.24,0.31,0.24
93901,0.15,0.24,0.27,0.33
93902,0.15,0.35,0.31,0.2
93905,0.18,0.44,0.26,0.13
93906,0.14,0.26,0.29,0.31
93907,0.14,0.19,0.24,0.42
93908,0.15,0.12,0.14,0.59
93912,0.11,0.31,0.34,0.24
93915,0.16,0.56,0.23,0.04
93920,0.17,0.33,0.3,0.2
93921,0.13,0.18,0.26,0.43
93922,0.14,0.19,0.29,0.39
93923,0.16,0.14,0.18,0.53
93924,0.16,0.18,0.21,0.45
93925,0.15,0.43,0.3,0.12
93926,0.15,0.36,0.29,0.2
93927,0.18,0.38,0.29,0.15
93930,0.17,0.34,0.27,0.22
93932,0.13,0.21,0.31,0.35
93933,0.16,0.25,0.3,0.28
93940,0.13,0.2,0.29,0.39
93942,0.13,0.19,0.32,0.36
93943,0.1,0.25,0.25,0.4
93944,0.27,0.61,0.08,0.04
93950,0.13,0.2,0.27,0.39
93953,0.14,0.09,0.16,0.61
93954,0.2,0.38,0.27,0.16
93955,0.14,0.31,0.33,0.22
93960,0.14,0.36,0.29,0.21
93962,0.13,0.2,0.28,0.38
94002,0.1,0.1,0.19,0.62
94005,0.08,0.11,0.23,0.58
94010,0.11,0.11,0.19,0.58
94011,0.08,0.16,0.3,0.46
94014,0.13,0.23,0.33,0.31
94015,0.13,0.19,0.3,0.37
94016,0.12,0.22,0.43,0.24
94017,0.09,0.18,0.44,0.28
94018,0.12,0.13,0.19,0.56
94019,0.12,0.16,0.21,0.51
94020,0.11,0.13,0.15,0.61
94022,0.13,0.07,0.1,0.7
94023,0.09,0.12,0.22,0.56
94024,0.12,0.07,0.09,0.72
94025,0.1,0.12,0.18,0.6
94026,0.08,0.13,0.28,0.5
94027,0.13,0.08,0.1,0.69
94028,0.13,0.07,0.09,0.72
94030,0.14,0.13,0.24,0.49
94037,0.11,0.1,0.15,0.63
94038,0.12,0.14,0.21,0.54
94039,0.06,0.17,0.24,0.53
94040,0.09,0.12,0.2,0.59
94041,0.07,0.13,0.21,0.58
94042,0.06,0.16,0.28,0.49
94043,0.07,0.12,0.22,0.58
94044,0.11,0.13,0.25,0.5
94060,0.13,0.33,0.27,0.27
94061,0.11,0.16,0.25,0.48
94062,0.1,0.1,0.17,0.62
94063,0.12,0.26,0.34,0.28
94064,0.08,0.17,0.33,0.42
94065,0.07,0.06,0.12,0.74
94066,0.12,0.16,0.29,0.43
94070,0.1,0.08,0.16,0.65
94074,0.13,0.23,0.24,0.4
94080,0.12,0.19,0.29,0.4
94083,0.08,0.17,0.38,0.37
94085,0.09,0.16,0.25,0.51
94086,0.07,0.12,0.21,0.6
94087,0.09,0.1,0.16,0.65
94088,0.06,0.11,0.17,0.66
94089,0.09,0.16,0.26,0.5
94102,0.17,0.29,0.34,0.2
94103,0.14,0.28,0.32,0.26
94104,0.1,0.17,0.23,0.51
94105,0.05,0.09,0.19,0.67
94107,0.09,0.14,0.23,0.54
94108,0.15,0.24,0.3,0.31
94109,0.1,0.19,0.3,0.42
94110,0.12,0.25,0.33,0.3
94111,0.08,0.12,0.16,0.64
94112,0.14,0.24,0.33,0.29
94114,0.06,0.12,0.27,0.54
94115,0.1,0.16,0.27,0.48
94116,0.14,0.17,0.27,0.42
94117,0.09,0.17,0.32,0.42
94118,0.11,0.16,0.28,0.45
94119,0.06,0.11,0.26,0.57
94121,0.13,0.17,0.29,0.41
94122,0.13,0.18,0.3,0.4
94123,0.05,0.07,0.18,0.7
94124,0.19,0.28,0.32,0.21
94125,0.13,0.18,0.35,0.33
94126,0.07,0.15,0.21,0.58
94127,0.12,0.12,0.18,0.58
94128,0.06,0.15,0.4,0.39
94129,0.1,0.2,0.31,0.39
94130,0.13,0.23,0.33,0.31
94131,0.08,0.11,0.25,0.56
94132,0.15,0.19,0.27,0.39
94133,0.13,0.23,0.26,0.38
94134,0.15,0.26,0.33,0.26
94140,0.14,0.33,0.38,0.14
94141,0.13,0.15,0.35,0.37
94142,0.12,0.3,0.4,0.18
94146,0.11,0.2,0.31,0.37
94147,0.1,0.22,0.28,0.4
94159,0.09,0.22,0.3,0.38
94164,0.08,0.23,0.39,0.31
94188,0.09,0.17,0.4,0.33
94301,0.09,0.08,0.15,0.68
94302,0.09,0.15,0.22,0.54
94303,0.13,0.21,0.27,0.39
94304,0.05,0.09,0.22,0.65
94305,0.18,0.28,0.2,0.34
94306,0.12,0.11,0.16,0.61
94309,0.41,0.25,0.15,0.18
94401,0.11,0.19,0.29,0.4
94402,0.11,0.12,0.19,0.58
94403,0.11,0.13,0.23,0.54
94404,0.1,0.08,0.15,0.66
94501,0.12,0.18,0.3,0.41
94502,0.12,0.09,0.15,0.65
94503,0.14,0.18,0.27,0.41
94506,0.16,0.06,0.07,0.72
94507,0.17,0.07,0.09,0.66
94508,0.22,0.19,0.22,0.36
94509,0.13,0.19,0.27,0.41
94510,0.14,0.13,0.2,0.53
94511,0.14,0.24,0.29,0.33
94512,0.19,0.3,0.24,0.27
94513,0.12,0.15,0.2,0.54
94514,0.1,0.1,0.17,0.63
94515,0.15,0.28,0.27,0.3
94516,0.23,0.18,0.15,0.43
94517,0.14,0.08,0.13,0.64
94518,0.15,0.15,0.25,0.45
94519,0.13,0.18,0.28,0.42
94520,0.14,0.26,0.34,0.26
94521,0.14,0.14,0.23,0.49
94522,0.11,0.23,0.35,0.32
94523,0.12,0.13,0.22,0.54
94524,0.07,0.22,0.36,0.35
94525,0.12,0.16,0.28,0.44
94526,0.15,0.08,0.12,0.65
94527,0.1,0.22,0.37,0.3
94528,0.14,0.09,0.11,0.66
94530,0.12,0.16,0.27,0.45
94531,0.13,0.12,0.19,0.56
94533,0.16,0.22,0.27,0.36
94534,0.13,0.1,0.17,0.6
94535,0.08,0.47,0.32,0.13
94536,0.11,0.13,0.22,0.54
94537,0.12,0.19,0.36,0.33
94538,0.1,0.15,0.25,0.49
94539,0.13,0.1,0.14,0.63
94540,0.07,0.19,0.43,0.31
94541,0.12,0.22,0.35,0.31
94542,0.12,0.13,0.23,0.51
94543,0.13,0.19,0.39,0.29
94544,0.12,0.23,0.33,0.31
94545,0.13,0.19,0.32,0.36
94546,0.12,0.15,0.26,0.47
94547,0.13,0.13,0.24,0.5
94548,0.15,0.23,0.25,0.37
94549,0.15,0.09,0.14,0.62
94550,0.12,0.13,0.2,0.56
94551,0.09,0.12,0.29,0.49
94552,0.13,0.08,0.12,0.67
94553,0.12,0.14,0.25,0.49
94555,0.1,0.12,0.19,0.59
94556,0.17,0.08,0.12,0.63
94558,0.15,0.19,0.25,0.41
94559,0.14,0.23,0.31,0.32
94560,0.12,0.17,0.27,0.45
94561,0.13,0.15,0.22,0.5
94563,0.14,0.08,0.1,0.68
94564,0.13,0.16,0.26,0.46
94565,0.14,0.23,0.31,0.33
94566,0.14,0.09,0.16,0.61
94567,0.2,0.21,0.21,0.37
94568,0.1,0.11,0.19,0.6
94570,0.13,0.16,0.26,0.45
94571,0.14,0.18,0.25,0.43
94572,0.15,0.19,0.28,0.39
94573,0.11,0.28,0.38,0.24
94574,0.14,0.2,0.25,0.41
94576,0.12,0.16,0.35,0.37
94577,0.11,0.19,0.33,0.37
94578,0.12,0.21,0.35,0.32
94579,0.12,0.18,0.3,0.4
94580,0.13,0.17,0.3,0.4
94581,0.11,0.3,0.37,0.23
94583,0.11,0.08,0.14,0.66
94585,0.14,0.16,0.23,0.47
94586,0.15,0.11,0.21,0.53
94587,0.13,0.18,0.26,0.43
94588,0.12,0.09,0.16,0.63
94589,0.16,0.21,0.31,0.32
94590,0.17,0.26,0.33,0.24
94591,0.14,0.17,0.26,0.43
94595,0.11,0.13,0.18,0.58
94596,0.1,0.12,0.24,0.53
94597,0.1,0.12,0.2,0.58
94598,0.14,0.09,0.15,0.61
94599,0.11,0.23,0.31,0.34
94601,0.17,0.33,0.36,0.14
94602,0.12,0.18,0.29,0.41
94603,0.17,0.3,0.36,0.17
94604,0.14,0.25,0.39,0.21
94605,0.14,0.22,0.3,0.34
94606,0.18,0.31,0.34,0.16
94607,0.22,0.33,0.29,0.17
94608,0.17,0.26,0.32,0.25
94609,0.15,0.28,0.34,0.23
94610,0.1,0.16,0.32,0.43
94611,0.11,0.12,0.22,0.54
94612,0.16,0.31,0.36,0.17
94613,0.41,0.12,0.24,0.24
94614,0.07,0.23,0.38,0.32
94618,0.09,0.11,0.2,0.59
94619,0.14,0.19,0.28,0.39
94620,0.1,0.21,0.39,0.31
94621,0.18,0.33,0.36,0.13
94623,0.1,0.14,0.42,0.34
94624,0.13,0.26,0.44,0.17
94662,0.11,0.24,0.35,0.31
94701,0.12,0.22,0.38,0.28
94702,0.13,0.23,0.32,0.32
94703,0.15,0.25,0.29,0.31
94704,0.28,0.26,0.27,0.2
94705,0.13,0.17,0.22,0.48
94706,0.13,0.17,0.24,0.46
94707,0.12,0.11,0.15,0.62
94708,0.11,0.11,0.15,0.63
94709,0.18,0.21,0.27,0.34
94710,0.16,0.27,0.32,0.25
94712,0.17,0.24,0.34,0.25
94720,0.42,0.34,0.16,0.09
94801,0.16,0.31,0.35,0.18
94802,0.1,0.23,0.45,0.22
94803,0.13,0.16,0.26,0.45
94804,0.15,0.25,0.33,0.27
94805,0.12,0.19,0.32,0.37
94806,0.14,0.25,0.34,0.27
94807,0.07,0.12,0.39,0.41
94820,0.09,0.17,0.34,0.4
94901,0.13,0.19,0.25,0.43
94903,0.13,0.13,0.21,0.53
94904,0.13,0.1,0.18,0.59
94912,0.12,0.22,0.39,0.27
94914,0.17,0.19,0.23,0.4
94915,0.1,0.24,0.35,0.31
94920,0.12,0.09,0.12,0.67
94922,0.23,0.26,0.21,0.3
94923,0.11,0.23,0.26,0.41
94924,0.25,0.24,0.23,0.28
94925,0.12,0.11,0.18,0.58
94927,0.08,0.22,0.41,0.29
94928,0.15,0.19,0.28,0.38
94929,0.13,0.14,0.27,0.46
94930,0.14,0.15,0.22,0.49
94931,0.13,0.19,0.3,0.38
94933,0.15,0.21,0.2,0.44
94937,0.15,0.23,0.25,0.37
94938,0.17,0.15,0.29,0.4
94939,0.1,0.1,0.19,0.61
94940,0.27,0.19,0.29,0.25
94941,0.12,0.11,0.17,0.6
94942,0.13,0.17,0.25,0.45
94945,0.15,0.14,0.21,0.5
94946,0.15,0.16,0.16,0.53
94947,0.14,0.14,0.22,0.49
94948,0.14,0.18,0.29,0.39
94949,0.11,0.14,0.22,0.53
94950,0.13,0.24,0.3,0.33
94951,0.15,0.18,0.24,0.44
94952,0.13,0.18,0.27,0.41
94953,0.13,0.23,0.31,0.33
94954,0.13,0.16,0.23,0.48
94955,0.08,0.23,0.38,0.3
94956,0.18,0.24,0.29,0.3
94957,0.16,0.1,0.14,0.61
94960,0.14,0.11,0.18,0.56
94963,0.17,0.2,0.19,0.44
94964,0.08,0.12,0.25,0.54
94965,0.1,0.13,0.21,0.56
94966,0.11,0.16,0.28,0.45
94970,0.14,0.18,0.23,0.44
94971,0.19,0.27,0.23,0.32
94972,0.19,0.3,0.27,0.24
94973,0.15,0.16,0.22,0.47
94975,0.1,0.15,0.37,0.38
94976,0.1,0.19,0.29,0.42
94977,0.14,0.18,0.33,0.35
94978,0.16,0.26,0.29,0.29
94979,0.1,0.2,0.34,0.35
95001,0.13,0.16,0.29,0.42
95002,0.12,0.27,0.34,0.27
95003,0.14,0.15,0.21,0.5
95004,0.13,0.16,0.24,0.46
95005,0.17,0.14,0.21,0.47
95006,0.13,0.15,0.2,0.52
95007,0.12,0.19,0.29,0.4
95008,0.1,0.13,0.23,0.54
95009,0.09,0.18,0.3,0.42
95010,0.14,0.2,0.29,0.37
95011,0.08,0.19,0.33,0.41
95012,0.19,0.34,0.3,0.17
95013,0.19,0.33,0.25,0.24
95014,0.12,0.08,0.13,0.67
95015,0.07,0.11,0.23,0.58
95017,0.16,0.26,0.27,0.31
95018,0.15,0.15,0.23,0.47
95019,0.17,0.39,0.3,0.14
95020,0.16,0.2,0.22,0.43
95021,0.16,0.37,0.32,0.15
95023,0.15,0.21,0.24,0.4
95024,0.15,0.34,0.33,0.18
95030,0.12,0.07,0.12,0.69
95031,0.08,0.12,0.24,0.56
95032,0.12,0.09,0.15,0.64
95033,0.13,0.09,0.16,0.62
95035,0.12,0.16,0.24,0.48
95036,0.09,0.18,0.32,0.4
95037,0.14,0.14,0.19,0.53
95038,0.14,0.23,0.31,0.32
95039,0.14,0.27,0.33,0.27
95041,0.17,0.19,0.26,0.38
95043,0.15,0.32,0.25,0.28
95044,0.13,0.08,0.2,0.59
95045,0.13,0.25,0.27,0.34
95046,0.16,0.22,0.23,0.38
95050,0.09,0.15,0.25,0.51
95051,0.09,0.13,0.21,0.57
95052,0.13,0.21,0.23,0.43
95054,0.1,0.14,0.22,0.55
95055,0.07,0.14,0.24,0.55
95056,0.06,0.11,0.26,0.56
95060,0.17,0.22,0.24,0.37
95061,0.18,0.26,0.32,0.24
95062,0.15,0.23,0.28,0.34
95063,0.14,0.22,0.33,0.31
95064,0.39,0.23,0.17,0.2
95065,0.15,0.17,0.2,0.48
95066,0.13,0.11,0.17,0.58
95067,0.1,0.15,0.25,0.5
95070,0.14,0.08,0.1,0.69
95071,0.15,0.12,0.23,0.5
95073,0.15,0.2,0.23,0.42
95075,0.21,0.17,0.2,0.41
95076,0.17,0.34,0.27,0.23
95077,0.15,0.47,0.27,0.1
95103,0.19,0.23,0.36,0.22
95106,0.12,0.26,0.4,0.22
95108,0.14,0.3,0.28,0.28
95109,0.13,0.27,0.36,0.24
95110,0.12,0.29,0.33,0.27
95111,0.14,0.26,0.32,0.28
95112,0.13,0.26,0.33,0.28
95113,0.17,0.27,0.31,0.26
95116,0.14,0.3,0.35,0.21
95117,0.1,0.17,0.27,0.45
95118,0.12,0.14,0.22,0.52
95119,0.13,0.13,0.19,0.55
95120,0.14,0.09,0.11,0.66
95121,0.14,0.21,0.29,0.37
95122,0.14,0.3,0.34,0.22
95123,0.11,0.14,0.24,0.51
95124,0.11,0.12,0.2,0.57
95125,0.1,0.12,0.21,0.57
95126,0.1,0.19,0.29,0.42
95127,0.13,0.22,0.3,0.35
95128,0.1,0.17,0.29,0.45
95129,0.11,0.1,0.18,0.61
95130,0.12,0.13,0.23,0.52
95131,0.09,0.14,0.24,0.54
95132,0.12,0.16,0.25,0.47
95133,0.13,0.21,0.28,0.37
95134,0.06,0.1,0.2,0.64
95135,0.1,0.09,0.13,0.68
95136,0.11,0.15,0.24,0.5
95138,0.09,0.1,0.16,0.65
95139,0.13,0.12,0.17,0.58
95140,0.14,0.2,0.18,0.48
95148,0.14,0.17,0.24,0.45
95150,0.1,0.16,0.35,0.39
95151,0.11,0.3,0.41,0.19
95152,0.09,0.19,0.39,0.33
95153,0.09,0.19,0.33,0.39
95154,0.09,0.18,0.41,0.32
95155,0.09,0.28,0.34,0.29
95156,0.15,0.22,0.4,0.23
95157,0.08,0.19,0.33,0.4
95158,0.1,0.2,0.31,0.4
95159,0.1,0.23,0.38,0.3
95160,0.13,0.12,0.19,0.56
95161,0.06,0.15,0.4,0.38
95164,0.04,0.08,0.23,0.65
95172,0.15,0.25,0.35,0.25
95173,0.07,0.21,0.4,0.32
95201,0.2,0.39,0.25,0.16
95202,0.37,0.43,0.16,0.04
95203,0.2,0.33,0.29,0.18
95204,0.15,0.25,0.3,0.29
95205,0.24,0.39,0.28,0.1
95206,0.19,0.32,0.27,0.22
95207,0.19,0.28,0.28,0.25
95208,0.15,0.3,0.29,0.26
95209,0.18,0.2,0.22,0.4
95210,0.21,0.29,0.29,0.2
95212,0.16,0.2,0.23,0.41
95213,0.15,0.29,0.32,0.24
95215,0.2,0.32,0.28,0.2
95219,0.14,0.16,0.23,0.46
95220,0.17,0.25,0.23,0.35
95221,0.21,0.26,0.27,0.26
95222,0.18,0.23,0.25,0.34
95223,0.18,0.2,0.25,0.37
95224,0.19,0.27,0.29,0.26
95225,0.18,0.24,0.27,0.32
95227,0.12,0.2,0.22,0.46
95228,0.17,0.16,0.25,0.42
95230,0.2,0.27,0.29,0.24
95231,0.17,0.33,0.3,0.2
95232,0.13,0.28,0.32,0.27
95233,0.12,0.32,0.18,0.38
95234,0.16,0.46,0.28,0.09
95236,0.16,0.3,0.22,0.32
95237,0.16,0.26,0.25,0.33
95240,0.18,0.29,0.27,0.26
95241,0.17,0.38,0.27,0.18
95242,0.15,0.18,0.24,0.43
95245,0.17,0.22,0.27,0.34
95246,0.18,0.23,0.26,0.33
95247,0.16,0.22,0.23,0.39
95248,0.22,0.32,0.23,0.23
95249,0.19,0.27,0.24,0.3
95251,0.19,0.25,0.31,0.25
95252,0.14,0.18,0.24,0.45
95253,0.23,0.47,0.21,0.09
95254,0.12,0.18,0.21,0.48
95255,0.2,0.31,0.29,0.2
95257,0.21,0.3,0.29,0.21
95258,0.18,0.2,0.21,0.41
95267,0.14,0.27,0.31,0.28
95269,0.17,0.29,0.33,0.21
95301,0.19,0.29,0.27,0.25
95303,0.21,0.38,0.23,0.18
95304,0.17,0.19,0.22,0.42
95305,0.22,0.32,0.27,0.19
95306,0.2,0.22,0.27,0.32
95307,0.19,0.29,0.28,0.24
95309,0.22,0.24,0.23,0.31
95310,0.21,0.29,0.24,0.26
95311,0.2,0.24,0.29,0.26
95312,0.23,0.43,0.26,0.09
95313,0.21,0.41,0.26,0.12
95315,0.2,0.35,0.29,0.17
95316,0.18,0.25,0.28,0.28
95317,0.15,0.49,0.26,0.1
95318,0.13,0.27,0.4,0.19
95319,0.22,0.42,0.26,0.1
95320,0.18,0.24,0.25,0.33
95321,0.18,0.22,0.27,0.32
95322,0.18,0.28,0.29,0.24
95323,0.19,0.31,0.27,0.22
95324,0.18,0.27,0.29,0.26
95326,0.19,0.29,0.25,0.27
95327,0.21,0.25,0.27,0.26
95328,0.24,0.37,0.3,0.09
95329,0.15,0.18,0.26,0.4
95330,0.15,0.22,0.29,0.34
95333,0.24,0.36,0.25,0.15
95334,0.21,0.41,0.28,0.1
95335,0.18,0.29,0.24,0.29
95336,0.16,0.21,0.27,0.37
95337,0.16,0.2,0.26,0.38
95338,0.21,0.24,0.25,0.3
95340,0.23,0.3,0.23,0.24
95341,0.26,0.42,0.22,0.1
95344,0.19,0.37,0.25,0.19
95345,0.19,0.3,0.33,0.18
95346,0.2,0.26,0.24,0.3
95348,0.21,0.3,0.27,0.22
95350,0.19,0.26,0.28,0.27
95351,0.25,0.34,0.27,0.14
95352,0.15,0.29,0.31,0.25
95353,0.21,0.28,0.3,0.21
95354,0.2,0.29,0.3,0.22
95355,0.17,0.21,0.25,0.37
95356,0.17,0.2,0.24,0.38
95357,0.17,0.22,0.24,0.37
95358,0.21,0.3,0.27,0.23
95360,0.19,0.28,0.29,0.25
95361,0.18,0.23,0.25,0.35
95363,0.18,0.27,0.25,0.3
95364,0.12,0.29,0.26,0.33
95365,0.28,0.49,0.2,0.04
95366,0.17,0.17,0.23,0.43
95367,0.19,0.27,0.26,0.28
95368,0.14,0.19,0.23,0.44
95369,0.14,0.26,0.34,0.26
95370,0.2,0.24,0.24,0.32
95372,0.19,0.28,0.25,0.28
95373,0.17,0.25,0.35,0.24
95374,0.23,0.3,0.28,0.19
95376,0.14,0.17,0.24,0.45
95377,0.12,0.1,0.15,0.63
95378,0.18,0.32,0.28,0.22
95379,0.22,0.27,0.25,0.26
95380,0.21,0.31,0.28,0.21
95381,0.17,0.36,0.29,0.19
95382,0.18,0.21,0.25,0.36
95383,0.21,0.22,0.23,0.35
95385,0.22,0.35,0.26,0.17
95386,0.22,0.28,0.28,0.22
95387,0.18,0.46,0.28,0.08
95388,0.23,0.38,0.28,0.12
95389,0.09,0.47,0.29,0.15
95391,0.16,0.2,0.22,0.42
95401,0.14,0.23,0.32,0.31
95402,0.14,0.27,0.34,0.25
95403,0.14,0.19,0.28,0.39
95404,0.15,0.2,0.25,0.4
95405,0.15,0.18,0.26,0.42
95406,0.1,0.27,0.35,0.29
95407,0.14,0.28,0.33,0.26
95409,0.14,0.17,0.24,0.45
95410,0.25,0.34,0.21,0.2
95412,0.21,0.23,0.38,0.17
95415,0.18,0.36,0.26,0.2
95416,0.1,0.39,0.37,0.13
95417,0.2,0.27,0.27,0.25
95418,0.19,0.32,0.36,0.13
95419,0.14,0.37,0.26,0.23
95420,0.23,0.3,0.25,0.22
95421,0.16,0.25,0.33,0.27
95422,0.27,0.36,0.23,0.14
95423,0.23,0.31,0.26,0.19
95424,0.31,0.36,0.19,0.14
95425,0.15,0.23,0.26,0.35
95426,0.15,0.19,0.25,0.4
95427,0.18,0.28,0.33,0.2
95428,0.29,0.38,0.22,0.11
95430,0.15,0.23,0.2,0.41
95432,0.25,0.31,0.22,0.22
95433,0.13,0.3,0.33,0.24
95435,0.15,0.54,0.24,0.07
95436,0.15,0.21,0.31,0.34
95437,0.21,0.3,0.28,0.21
95439,0.14,0.29,0.28,0.29
95441,0.11,0.33,0.3,0.25
95442,0.13,0.18,0.28,0.41
95443,0.14,0.36,0.25,0.25
95444,0.16,0.29,0.29,0.25
95445,0.19,0.25,0.25,0.31
95446,0.18,0.26,0.32,0.24
95448,0.16,0.22,0.26,0.36
95449,0.17,0.35,0.29,0.19
95450,0.16,0.25,0.25,0.34
95451,0.17,0.27,0.26,0.3
95452,0.13,0.16,0.26,0.45
95453,0.18,0.27,0.27,0.28
95454,0.25,0.31,0.27,0.17
95456,0.23,0.28,0.27,0.22
95457,0.19,0.3,0.28,0.22
95458,0.24,0.36,0.23,0.17
95459,0.19,0.29,0.25,0.27
95460,0.21,0.3,0.22,0.28
95461,0.13,0.2,0.26,0.41
95462,0.21,0.26,0.28,0.26
95464,0.27,0.31,0.27,0.15
95465,0.19,0.23,0.27,0.31
95466,0.2,0.31,0.27,0.22
95468,0.25,0.32,0.27,0.17
95469,0.18,0.28,0.27,0.27
95470,0.17,0.23,0.28,0.32
95471,0.12,0.32,0.32,0.24
95472,0.17,0.19,0.24,0.4
95473,0.13,0.25,0.3,0.33
95476,0.14,0.19,0.26,0.41
95480,0.25,0.29,0.2,0.25
95481,0.25,0.44,0.22,0.08
95482,0.19,0.28,0.27,0.26
95485,0.21,0.34,0.29,0.17
95486,0.2,0.3,0.3,0.2
95487,0.11,0.33,0.33,0.23
95488,0.23,0.21,0.35,0.21
95490,0.22,0.27,0.28,0.23
95492,0.13,0.17,0.24,0.46
95494,0.15,0.28,0.28,0.29
95497,0.08,0.15,0.14,0.62
95501,0.24,0.34,0.24,0.17
95502,0.21,0.33,0.27,0.2
95503,0.19,0.26,0.26,0.29
95518,0.25,0.3,0.24,0.21
95519,0.19,0.26,0.28,0.28
95521,0.33,0.29,0.19,0.19
95524,0.24,0.21,0.2,0.35
95525,0.21,0.3,0.29,0.21
95526,0.25,0.29,0.33,0.13
95527,0.26,0.26,0.29,0.19
95528,0.2,0.25,0.29,0.26
95531,0.23,0.26,0.23,0.27
95534,0.12,0.27,0.24,0.37
95536,0.2,0.24,0.31,0.25
95537,0.28,0.37,0.25,0.1
95538,0.18,0.15,0.28,0.39
95540,0.2,0.26,0.28,0.25
95542,0.24,0.32,0.23,0.21
95543,0.16,0.2,0.24,0.4
95546,0.3,0.39,0.23,0.08
95547,0.19,0.23,0.25,0.32
95548,0.28,0.37,0.23,0.12
95549,0.2,0.19,0.21,0.4
95550,0.15,0.13,0.36,0.36
95551,0.19,0.3,0.3,0.22
95552,0.33,0.28,0.26,0.13
95553,0.27,0.27,0.24,0.21
95554,0.17,0.43,0.25,0.15
95555,0.24,0.33,0.31,0.12
95556,0.23,0.28,0.32,0.17
95560,0.29,0.37,0.23,0.12
95562,0.23,0.33,0.29,0.15
95563,0.22,0.27,0.29,0.22
95564,0.24,0.34,0.29,0.13
95565,0.16,0.16,0.47,0.21
95567,0.22,0.33,0.25,0.21
95569,0.15,0.24,0.33,0.28
95570,0.2,0.28,0.23,0.29
95571,0.19,0.33,0.22,0.26
95573,0.24,0.26,0.26,0.25
95589,0.28,0.35,0.21,0.16
95595,0.25,0.33,0.22,0.2
95601,0.2,0.22,0.26,0.32
95602,0.17,0.2,0.21,0.42
95603,0.16,0.21,0.23,0.39
95604,0.14,0.23,0.34,0.29
95605,0.22,0.36,0.29,0.13
95606,0.14,0.18,0.27,0.41
95607,0.14,0.17,0.25,0.44
95608,0.16,0.21,0.26,0.37
95609,0.15,0.22,0.34,0.3
95610,0.15,0.24,0.3,0.31
95611,0.12,0.24,0.37,0.26
95612,0.14,0.27,0.28,0.31
95613,0.21,0.21,0.23,0.34
95614,0.12,0.14,0.2,0.54
95615,0.21,0.39,0.23,0.17
95616,0.22,0.2,0.19,0.39
95617,0.17,0.24,0.3,0.29
95618,0.19,0.07,0.07,0.67
95619,0.15,0.24,0.29,0.31
95620,0.15,0.22,0.25,0.38
95621,0.13,0.23,0.33,0.31
95623,0.15,0.2,0.23,0.41
95624,0.14,0.15,0.21,0.5
95625,0.13,0.26,0.35,0.27
95626,0.17,0.23,0.27,0.33
95627,0.17,0.28,0.29,0.26
95628,0.15,0.17,0.23,0.45
95629,0.14,0.19,0.23,0.43
95630,0.12,0.11,0.16,0.61
95631,0.16,0.21,0.22,0.41
95632,0.15,0.23,0.26,0.36
95633,0.15,0.21,0.24,0.39
95634,0.14,0.22,0.27,0.38
95635,0.12,0.22,0.28,0.39
95636,0.11,0.21,0.31,0.37
95637,0.13,0.25,0.31,0.3
95638,0.14,0.2,0.21,0.45
95639,0.15,0.29,0.31,0.25
95640,0.16,0.21,0.27,0.36
95641,0.19,0.27,0.27,0.27
95642,0.19,0.23,0.24,0.34
95645,0.19,0.35,0.31,0.15
95648,0.13,0.19,0.24,0.43
95650,0.17,0.17,0.19,0.47
95651,0.2,0.25,0.21,0.35
95653,0.18,0.4,0.28,0.14
95655,0.16,0.15,0.32,0.37
95656,0.14,0.17,0.25,0.43
95658,0.16,0.16,0.21,0.48
95659,0.19,0.25,0.25,0.31
95660,0.19,0.32,0.33,0.16
95661,0.15,0.17,0.22,0.46
95662,0.15,0.19,0.25,0.41
95663,0.14,0.17,0.2,0.49
95664,0.14,0.17,0.21,0.47
95665,0.15,0.21,0.26,0.38
95666,0.15,0.22,0.27,0.36
95667,0.17,0.2,0.23,0.4
95668,0.18,0.25,0.24,0.33
95669,0.15,0.22,0.28,0.34
95670,0.16,0.23,0.28,0.33
95672,0.14,0.14,0.18,0.54
95673,0.16,0.24,0.3,0.29
95674,0.18,0.29,0.24,0.28
95675,0.24,0.26,0.22,0.28
95676,0.22,0.27,0.27,0.25
95677,0.16,0.17,0.23,0.44
95678,0.13,0.19,0.28,0.4
95680,0.18,0.39,0.29,0.15
95681,0.16,0.24,0.29,0.3
95682,0.15,0.16,0.2,0.49
95683,0.1,0.1,0.12,0.68
95684,0.17,0.2,0.26,0.37
95685,0.16,0.21,0.25,0.39
95686,0.2,0.45,0.22,0.12
95687,0.14,0.17,0.25,0.44
95688,0.16,0.17,0.21,0.46
95689,0.11,0.18,0.25,0.47
95690,0.19,0.32,0.27,0.22
95691,0.15,0.25,0.29,0.31
95692,0.19,0.25,0.27,0.3
95693,0.14,0.18,0.2,0.48
95694,0.18,0.25,0.26,0.31
95695,0.17,0.24,0.28,0.31
95696,0.1,0.2,0.33,0.36
95697,0.15,0.46,0.27,0.12
95701,0.15,0.22,0.24,0.39
95703,0.17,0.19,0.25,0.39
95709,0.16,0.19,0.25,0.4
95712,0.2,0.21,0.26,0.32
95713,0.15,0.2,0.24,0.4
95714,0.19,0.27,0.26,0.28
95715,0.21,0.21,0.33,0.25
95717,0.18,0.22,0.32,0.28
95722,0.17,0.15,0.21,0.47
95726,0.15,0.2,0.24,0.4
95728,0.16,0.3,0.28,0.26
95736,0.17,0.25,0.24,0.34
95741,0.14,0.22,0.39,0.24
95742,0.09,0.19,0.31,0.4
95746,0.17,0.1,0.11,0.62
95747,0.11,0.13,0.19,0.57
95758,0.11,0.13,0.21,0.55
95759,0.12,0.22,0.32,0.35
95762,0.14,0.09,0.11,0.67
95763,0.09,0.16,0.28,0.47
95765,0.12,0.1,0.15,0.63
95776,0.15,0.27,0.29,0.29
95798,0.08,0.13,0.41,0.38
95800,0.21,0.26,0.21,0.31
95812,0.14,0.23,0.34,0.29
95814,0.18,0.34,0.3,0.17
95815,0.21,0.36,0.3,0.13
95816,0.12,0.26,0.36,0.26
95817,0.22,0.31,0.29,0.18
95818,0.15,0.21,0.26,0.37
95819,0.1,0.14,0.26,0.51
95820,0.19,0.32,0.33,0.17
95821,0.17,0.27,0.29,0.28
95822,0.18,0.27,0.3,0.24
95823,0.2,0.3,0.31,0.2
95824,0.24,0.37,0.29,0.09
95825,0.16,0.29,0.32,0.22
95826,0.14,0.22,0.32,0.31
95827,0.15,0.25,0.33,0.27
95828,0.18,0.25,0.3,0.26
95829,0.12,0.15,0.25,0.49
95830,0.11,0.2,0.26,0.44
95831,0.13,0.15,0.26,0.47
95832,0.28,0.35,0.28,0.09
95833,0.12,0.22,0.34,0.32
95834,0.12,0.22,0.31,0.35
95835,0.08,0.09,0.17,0.65
95837,0.2,0.15,0.19,0.47
95838,0.22,0.33,0.29,0.16
95841,0.17,0.28,0.33,0.22
95842,0.15,0.27,0.34,0.24
95843,0.13,0.18,0.26,0.43
95851,0.15,0.19,0.35,0.31
95852,0.2,0.2,0.4,0.19
95860,0.14,0.21,0.3,0.34
95864,0.14,0.16,0.21,0.49
95865,0.11,0.18,0.32,0.39
95866,0.13,0.29,0.3,0.28
95901,0.22,0.32,0.27,0.19
95903,0.09,0.44,0.35,0.12
95912,0.21,0.36,0.27,0.16
95913,0.21,0.26,0.27,0.25
95914,0.16,0.28,0.28,0.28
95916,0.26,0.27,0.25,0.22
95917,0.22,0.31,0.27,0.21
95918,0.14,0.21,0.24,0.41
95919,0.16,0.31,0.28,0.24
95922,0.23,0.28,0.26,0.23
95924,0.17,0.3,0.29,0.24
95925,0.24,0.3,0.18,0.28
95926,0.27,0.27,0.22,0.25
95927,0.21,0.31,0.27,0.21
95928,0.26,0.28,0.22,0.24
95930,0.22,0.23,0.32,0.23
95932,0.19,0.3,0.26,0.24
95934,0.28,0.31,0.21,0.2
95935,0.18,0.35,0.24,0.23
95936,0.23,0.23,0.27,0.27
95937,0.17,0.3,0.29,0.24
95938,0.2,0.24,0.22,0.34
95939,0.23,0.26,0.27,0.23
95941,0.22,0.23,0.34,0.2
95942,0.18,0.18,0.27,0.37
95943,0.23,0.26,0.23,0.28
95945,0.18,0.26,0.28,0.28
95946,0.17,0.19,0.23,0.41
95947,0.22,0.27,0.27,0.24
95948,0.23,0.33,0.26,0.18
95949,0.17,0.2,0.22,0.41
95950,0.2,0.48,0.23,0.09
95951,0.2,0.49,0.25,0.06
95953,0.24,0.36,0.27,0.14
95954,0.19,0.29,0.28,0.24
95955,0.19,0.32,0.28,0.21
95956,0.17,0.26,0.23,0.34
95957,0.21,0.29,0.26,0.25
95959,0.18,0.22,0.23,0.37
95960,0.27,0.34,0.25,0.14
95961,0.22,0.38,0.29,0.11
95962,0.24,0.25,0.2,0.31
95963,0.21,0.32,0.27,0.2
95965,0.24,0.34,0.25,0.17
95966,0.2,0.3,0.26,0.24
95967,0.17,0.28,0.29,0.25
95968,0.24,0.36,0.27,0.13
95969,0.2,0.27,0.26,0.26
95970,0.18,0.3,0.22,0.3
95971,0.22,0.23,0.26,0.29
95972,0.15,0.3,0.39,0.15
95973,0.19,0.25,0.25,0.3
95974,0.15,0.23,0.31,0.32
95975,0.17,0.24,0.27,0.32
95977,0.13,0.19,0.3,0.38
95979,0.18,0.28,0.27,0.28
95982,0.18,0.24,0.29,0.3
95983,0.19,0.17,0.3,0.33
95987,0.19,0.39,0.29,0.12
95988,0.23,0.28,0.26,0.23
95991,0.19,0.31,0.27,0.23
95992,0.21,0.37,0.25,0.17
95993,0.18,0.23,0.25,0.34
96001,0.2,0.25,0.22,0.32
96002,0.22,0.31,0.24,0.24
96003,0.19,0.26,0.26,0.29
96006,0.18,0.24,0.34,0.24
96007,0.22,0.31,0.27,0.2
96008,0.17,0.29,0.26,0.28
96009,0.2,0.25,0.3,0.25
96010,0.29,0.39,0.17,0.15
96013,0.2,0.25,0.28,0.27
96015,0.27,0.33,0.28,0.12
96017,0.28,0.32,0.23,0.17
96019,0.23,0.32,0.26,0.19
96020,0.2,0.21,0.29,0.3
96021,0.23,0.33,0.28,0.16
96022,0.19,0.26,0.27,0.27
96023,0.26,0.37,0.21,0.16
96024,0.25,0.27,0.22,0.26
96025,0.23,0.31,0.26,0.19
96027,0.21,0.26,0.28,0.25
96028,0.21,0.26,0.27,0.25
96032,0.19,0.3,0.29,0.23
96033,0.17,0.26,0.42,0.15
96034,0.17,0.26,0.3,0.27
96035,0.21,0.34,0.31,0.14
96037,0.18,0.26,0.37,0.19
96038,0.21,0.33,0.28,0.18
96039,0.24,0.32,0.27,0.17
96040,0.21,0.22,0.31,0.25
96041,0.25,0.34,0.26,0.15
96044,0.19,0.33,0.32,0.16
96047,0.2,0.29,0.3,0.21
96048,0.26,0.24,0.31,0.19
96049,0.15,0.27,0.31,0.27
96050,0.19,0.38,0.29,0.14
96051,0.26,0.25,0.21,0.28
96052,0.21,0.28,0.29,0.22
96054,0.18,0.29,0.3,0.23
96055,0.19,0.33,0.27,0.21
96056,0.22,0.26,0.29,0.23
96057,0.21,0.27,0.32,0.2
96058,0.23,0.33,0.31,0.13
96059,0.17,0.34,0.32,0.18
96062,0.21,0.2,0.17,0.41
96064,0.23,0.3,0.29,0.18
96065,0.26,0.25,0.27,0.22
96067,0.23,0.25,0.23,0.29
96069,0.17,0.28,0.23,0.32
96071,0.23,0.28,0.23,0.26
96073,0.19,0.17,0.2,0.43
96075,0.32,0.33,0.2,0.14
96078,0.15,0.29,0.34,0.23
96079,0.14,0.38,0.32,0.15
96080,0.2,0.29,0.27,0.24
96084,0.22,0.2,0.31,0.26
96086,0.23,0.27,0.28,0.21
96087,0.19,0.23,0.27,0.31
96088,0.17,0.25,0.3,0.28
96089,0.21,0.32,0.29,0.18
96090,0.25,0.32,0.28,0.15
96091,0.26,0.27,0.26,0.21
96092,0.16,0.34,0.31,0.19
96093,0.21,0.27,0.27,0.25
96094,0.24,0.26,0.28,0.23
96096,0.13,0.26,0.29,0.32
96097,0.24,0.28,0.27,0.22
96099,0.19,0.27,0.27,0.28
96101,0.24,0.28,0.24,0.24
96103,0.19,0.19,0.25,0.37
96104,0.2,0.26,0.29,0.25
96105,0.14,0.25,0.3,0.31
96106,0.17,0.13,0.21,0.49
96107,0.16,0.24,0.37,0.22
96109,0.2,0.31,0.34,0.14
96113,0.13,0.22,0.39,0.26
96114,0.14,0.14,0.22,0.49
96116,0.24,0.33,0.2,0.22
96117,0.16,0.26,0.28,0.3
96118,0.17,0.21,0.28,0.33
96120,0.22,0.28,0.23,0.27
96121,0.09,0.25,0.23,0.42
96122,0.23,0.24,0.26,0.27
96125,0.18,0.27,0.24,0.3
96126,0.15,0.25,0.33,0.28
96127,0.15,0.16,0.27,0.42
96128,0.16,0.19,0.28,0.37
96129,0.17,0.22,0.32,0.29
96130,0.18,0.22,0.24,0.36
96134,0.27,0.33,0.24,0.16
96137,0.21,0.22,0.3,0.28
96140,0.18,0.24,0.23,0.35
96141,0.18,0.29,0.22,0.3
96142,0.17,0.28,0.29,0.26
96143,0.16,0.38,0.3,0.16
96145,0.18,0.27,0.28,0.27
96146,0.21,0.32,0.26,0.21
96148,0.23,0.21,0.22,0.34
96150,0.19,0.26,0.25,0.3
96151,0.2,0.35,0.27,0.18
96152,0.16,0.33,0.27,0.24
96154,0.14,0.27,0.3,0.29
96155,0.16,0.25,0.28,0.31
96156,0.21,0.43,0.24,0.13
96157,0.17,0.47,0.28,0.07
96158,0.19,0.33,0.25,0.23
96160,0.16,0.23,0.28,0.33
96161,0.15,0.19,0.19,0.47
96162,0.15,0.27,0.29,0.29
